{"train_samples_per_second":14.388,"train_loss":1.081391451908992,"train/loss":1.0073,"train_runtime":147.6877,"eval/samples_per_second":38.732,"train_steps_per_second":0.88,"train/epoch":4.859813084112149,"train/learning_rate":0,"_step":10,"total_flos":1.420234398990336e+15,"eval/runtime":1.2393,"_timestamp":1.7276199440128076e+09,"train/grad_norm":1.601562738418579,"eval/steps_per_second":9.683,"eval/loss":1.402065634727478,"_wandb":{"runtime":155},"_runtime":154.193905764,"train/global_step":130}