{"train_runtime":154.8072,"train_steps_per_second":0.84,"eval/loss":1.4339481592178345,"total_flos":1.410118498639872e+15,"train/global_step":130,"_wandb":{"runtime":3017},"train_loss":1.6984445571899414,"train/loss":1.3826,"train_samples_per_second":13.727,"_step":10,"eval/steps_per_second":9.06,"train/epoch":4.859813084112149,"eval/runtime":1.3245,"_runtime":162.776770251,"eval/samples_per_second":36.241,"train/grad_norm":0.6907953023910522,"_timestamp":1.727792957661347e+09,"train/learning_rate":0}